,artist
0,3d
1,hans-von-aachen
2,vilmos-aba-novak
3,reza-abbasi
4,louise-abbema
5,edwin-austin-abbey
6,douglas-abdell
7,basuki-abdullah
8,zainul-abedin
9,mher-abeghian
10,marina-abramovic
11,petre-abrudan
12,absalon
13,carla-accardi
14,vito-acconci
15,paul-ackerman
16,norman-ackroyd
17,nutzi-acontz
18,valerio-adami
19,ansel-adams
20,bas-jan-ader
21,jankel-adler
22,etel-adnan
23,gosta-adrian-nilsson
24,jef-aerosol
25,pieter-aertsen
26,afewerk-tekle
27,nadir-afonso
28,afro
29,yaacov-agam
30,eileen-agar
31,aydin-aghdashloo
32,charuvi-agrawal
33,gilles-aillaud
34,ivan-aivazovsky
35,roberto-aizenberg
36,abdul-qader-al-raes
37,alan-aine
38,grace-albee
39,anni-albers
40,josef-albers
41,albert-aublet
42,mariotto-albertinelli
43,olga-albizu
44,ivan-albright
45,lita-albuquerque
46,pierre-alechinsky
47,fyodor-alekseyev
48,leonardo-alenza
49,alexander-bazhbeuk-melikyan
50,peter-alexander
51,alexandru-phoebus
52,alexis-digart
53,alfredo-andersen
54,hoca-ali-riza
55,alphonse-allais
56,david-allan
57,christian-wilhelm-allers
58,jose-de-almada-negreiros
59,lara-almarcegui
60,sir-lawrence-alma-tadema
61,helena-almeida
62,carlos-alonso
63,rudolf-von-alt
64,ioannis-altamouras
65,albrecht-altdorfer
66,nathan-altman
67,john-altoon
68,carsten-nicolai
69,hans-am-ende
70,theodor-aman
71,sidney-amaral
72,tarsila-do-amaral
73,pedro-americo
74,cuno-amiet
75,el-anatsui
76,anna-ancher
77,edna-andrade
78,carl-andre
79,ion-andreescu
80,benny-andrews
81,octav-angheluta
82,charles-angrand
83,sofonisba-anguissola
84,albert-anker
85,jury-annenkov
86,david-annesley
87,giovanni-anselmo
88,thomas-pollock-anshutz
89,stephen-antonakos
90,aleksey-antropov
91,richard-anuszkiewicz
92,apelles
93,karel-appel
94,billy-apple
95,anne-appleby
96,peter-nicolai-arbo
97,diana-arbus
98,james-archer
99,olexandr-archipenko
100,giuseppe-arcimboldo
101,mordecai-ardon
102,antonio-areal
103,sofia-areal
104,rodolfo-arico
105,avigdor-arikha
106,howard-arkley
107,siah-armajani
108,arman
109,john-armleder
110,rolf-amstrong
111,andre-pierre-arnal
112,francois-arnal
113,jean-arp
114,eduardo-arroyo
115,constantin-artachino
116,arthur-nisio
117,richard-artschwager
118,artur-cuber
119,julian-ashton
120,carlos-quizpez-asin
121,antonio-asis
122,mariam-aslamazian
123,dieter-asmus
124,genevieve-asse
125,jean-michel-atlan
126,ozdemir-atlan
127,atsuko-tanaka
128,christian-ludwig-attersee
129,bernard-aubertin
130,john-james-audubon
131,frank-auerbach
132,george-ault
133,aura-hertwig
134,john-austen
135,avanesov-vladislav
136,edward-avedisian
137,hendrick-avercamp
138,milton-avery
139,alaa-awad
140,evelyne-axell
141,alice-aycock
142,ay-o
143,gillian-ayres
144,anton-azbe
145,azim-azimzade
146,knud-baade
147,corneliu-baba
148,alice-baber
149,marcello-bacciarelli
150,francis-bacon
151,jo-baer
152,olle-baertling
153,firmin-baes
154,sattar-bahlulzadeh
155,alice-bailly
156,enrico-baj
157,samuel-bak
158,leon-bakst
159,sabin-balasa
160,john-baldessari
161,hans-baldung
162,endre-balint
163,peder-balke
164,giacomo-balla
165,mario-ballocco
166,adam-baltatu
167,balthus
168,octav-bancila
169,joachim-bandau
170,banksy
171,walter-darby-bannard
172,edward-mitchell-bannister
173,noma-bar
174,miklos-barabas
175,amir-baradaran
176,marcel-barbeau
177,thomas-jones-barker
178,phyllida-barlow
179,will-barnet
180,jill-baroff
181,hannelore-baron
182,fran-ois-barraud
183,martin-barre
184,james-barry
185,robert-barry
186,jennifer-bartlett
187,luciano-bartolini
188,endre-bartos
189,gianfranco-baruchello
190,georg-baselitz
191,marie-bashkirtseff
192,jean-michel-basquiat
193,jacopo-bassano
194,jules-bastien-lepage
195,david-batchelor
196,robert-bateman
197,david-bates
198,walter-battiss
199,andre-bauchant
200,john-bauer
201,rudolf-bauer
202,willi-baumeister
203,lothar-baumgarten
204,iain-baxter
205,francisco-bayeu-y-subias
206,jean-rene-bazaine
207,frederic-bazille
208,william-baziotes
209,achraf-baznani
210,mary-beale
211,romare-bearden
212,aubrey-beardsley
213,basil-beattie
214,max-beckmann
215,osias-beert
216,albrecht-behmel
217,hossein-behzad
218,xu-beihong
219,ara-bekaryan
220,zdislav-beksinski
221,lorenzo-belenguer
222,charles-bell
223,graham-bell
224,larry-bell
225,vanessa-bell
226,michael-bell
227,giovanni-bellini
228,jacopo-bellini
229,hans-bellmer
230,bernardo-bellotto
231,george-bellows
232,kent-bellows
233,ben
234,barton-lidice-benes
235,lynda-benglis
236,karl-benjamin
237,albert-benua
238,alexandre-benois
239,marie-guillemine-benoist
240,jean-benoit
241,frank-w-benson
242,thomas-hart-benton
243,jean-beraud
244,leon-berkowitz
245,henryk-berlewi
246,eduardo-berliner
247,bartolome-bermejo
248,emile-bernard
249,bernd-luz
250,horia-bernea
251,antonio-berni
252,gian-lorenzo-bernini
253,jean-bertholle
254,rene-bertholo
255,huguette-arthur-bertrand
256,forrest-bess
257,joseph-beuys
258,charles-bezie
259,jyoti-bhatt
260,alberto-biasi
261,ashley-bickerton
262,albert-bierstadt
263,ivan-bilibin
264,max-bill
265,bill-oconnor
266,kateryna-bilokur
267,george-caleb-bingham
268,elmer-bischoff
269,cesare-biseo
270,james-bishop
271,julius-bissier
272,roger-bissi-re
273,albert-bitran
274,ion-bitzan
275,eugene-de-blaas
276,dorrit-black
277,charles-blackman
278,ronald-bladen
279,mary-blair
280,peter-blake
281,william-blake
282,antoine-blanchard
283,michel-blazy
284,constantin-blendea
285,albert-bloch
286,carl-bloch
287,godfrey-blow
288,norman-bluhm
289,rochelle-blumenfeld
290,anna-katarina-boberg
291,umberto-boccioni
292,mel-bochner
293,arnold-bocklin
294,karl-bodmer
295,alighiero-boetti
296,konstantin-bogaevsky
297,bram-bogart
298,nikolay-bogdanov-belsky
299,alexander-boghossian
300,boglarka-tornai
301,alexey-bogolyubov
302,oleksandr-bogomazov
303,maurice-boitel
304,ferdinand-bol
305,giovanni-boldini
306,bill-bollinger
307,ilya-bolotowsky
308,christian-boltanski
309,giovanni-antonio-boltraffio
310,michael-bolus
311,david-bomberg
312,camille-bombois
313,vladimir-bonacic
314,agostino-bonalumi
315,victor-bonato
316,dora-boneva
317,rosa-bonheur
318,richard-parkes-bonington
319,pierre-bonnard
320,leon-bonnat
321,lee-bontecou
322,gregoire-boonzaier
323,columbano-bordalo-pinheiro
324,paul-emile-borduas
325,boris-bucan
326,victor-borisov-musatov
327,aleksandr-borodin
328,vladimir-borovikovsky
329,sandor-bortnyik
330,hieronymus-bosch
331,nandalal-bose
332,derek-boshier
333,carlos-botelho
334,fernando-botero
335,jan-dirksz-both
336,martha-boto
337,chronis-botsoglou
338,francis-bott
339,sandro-botticelli
340,francesco-botticini
341,pauline-boty
342,francois-boucher
343,eugene-boudin
344,alice-boughton
345,william-adolphe-bouguereau
346,gustave-boulanger
347,sebastien-bourdon
348,louise-bourgeois
349,dirk-bouts
350,george-bouzianis
351,frank-bowling
352,stanley-boxer
353,mykhailo-boychuk
354,paul-brach
355,john-brack
356,robert-brackman
357,marie-bracquemond
358,william-bradford
359,john-bradley
360,leonaert-bramer
361,constantin-brancusi
362,eugene-brands
363,georges-braque
364,brassai
365,john-bratby
366,geta-bratescu
367,maurice-braun
368,victor-brauner
369,claudio-bravo
370,manuel-alvarez-bravo
371,victor-brecheret
372,arno-breker
373,jules-breton
374,anne-brigman
375,serge-brignoni
376,paul-bril
377,romero-britto
378,gandy-brodie
379,melchior-broederlam
380,fyodor-bronnikov
381,agnolo-bronzino
382,marcel-broodthaers
383,james-brooks
384,adriaen-brouwer
385,stanley-brouwn
386,benjamin-brown
387,ford-madox-brown
388,glenn-brown
389,joan-brown
390,theophilus-brown
391,patrick-henry-bruce
392,pieter-bruegel-the-elder
393,filippo-brunelleschi
394,bruno-canova
395,albin-brunovsky
396,camille-bryen
397,karl-bryullov
398,gustave-buchet
399,carl-buchheister
400,erich-buchholz
401,bernard-buffet
402,erik-bulatov
403,angela-bulloch
404,rupert-bunny
405,kasumi-bunsho
406,sever-burada
407,laurel-burch
408,david-burdeny
409,daniel-buren
410,samuel-buri
411,david-burliuk
412,ian-burn
413,eugene-burnand
414,edward-burne-jones
415,alberto-burri
416,frederick-william-burton
417,pol-bury
418,peter-busa
419,jack-bush
420,yosa-buson
421,jacques-busse
422,mildred-anne-butler
423,reg-butler
424,byalynitskiy-birulya
425,james-lee-byars
426,byzantine-mosaics
427,celeste-m-evans
428,alexandre-cabanel
429,alejandro-cabeza
430,lilla-cabot-perry
431,miguel-cabrera
432,pedro-cabrita-reis
433,andre-cadere
434,cadurcis-plantagenet-ream
435,ippolito-caffi
436,john-cage
437,marcelle-cahn
438,gustave-caillebotte
439,pedro-calapez
440,alexander-calder
441,antonio-calderara
442,fernando-calhau
443,ibrahim-calli
444,stefan-caltia
445,jorge-camacho
446,jorge-gonzalez-camarena
447,julia-margaret-cameron
448,luis-camnitzer
449,james-campbell
450,james-campbell-noble
451,jose-campeche
452,heinrich-campendonk
453,robert-campin
454,canaletto
455,benjamin-canas
456,louis-cane
457,niccolo-cannicci
458,alonzo-cano
459,antonio-canova
460,mircea-cantor
461,marie-gabrielle-capet-0
462,benedetta
463,leonetto-cappiello
464,jose-manuel-capuletti
465,caravaggio
466,agustin-cardenas
467,arthur-beecher-carles
468,carloluigi-colombo
469,emil-carlsen
470,otto-gustav-carlsund
471,franklin-carmichael
472,john-wilson-carmichael
473,alberto-carneiro
474,antonio-carneiro
475,anthony-caro
476,carolus-duran
477,nicolas-carone
478,vittore-carpaccio
479,emily-carr
480,kate-carr
481,carlo-carra
482,agostino-carracci
483,annibale-carracci
484,michel-carrade
485,juan-carreno-de-miranda
486,ethel-carrick
487,rosalba-carriera
488,eugene-carriere
489,lilia-carrillo
490,leonora-carrington
491,lewis-carroll
492,henri-cartier-bresson
493,enrico-caruso
494,felice-casorati
495,cassandre
496,mary-cassatt
497,bruno-cassinari
498,juan-carlos-castagnino
499,andrea-del-castagno
500,enrico-castellani
501,jorge-castillo
502,amilcar-de-castro
503,lourdes-castro
504,henri-catargi
505,george-catlin
506,maurizio-cattelan
507,patrick-caulfield
508,giorgio-cavallon
509,enrique-martinez-celaya
510,benvenuto-cellini
511,vija-celmins
512,cennino-cennini
513,mario-cesariny
514,paul-cezanne
515,paul-emile-chabas
516,roberto-chabet
517,marc-chagall
518,edgar-chahine
519,gaston-chaissac
520,chaldin-alex
521,yannoulis-chalepas
522,john-chamberlain
523,alexandre-jacques-chantron
524,chaokun-wang
525,serge-charchoune
526,jean-baptiste-simeon-chardin
527,charles-atamian
528,james-charles
529,charles-amable-lenoir
530,alan-charlton
531,lothar-charoux
532,william-merritt-chase
533,theodore-chasseriau
534,jozef-chelmonski
535,chen-hong
536,yifei-chen
537,jules-cheret
538,sandro-chia
539,judy-chicago
540,chicote-cfc
541,billy-childish
542,eduardo-chillida
543,galileo-chini
544,martin-chirino
545,dan-christensen
546,carl-ludwig-johann-christineck
547,petrus-christus
548,luke-chueh
549,frederic-edwin-church
550,winston-churchill
551,filippo-cifariello
552,cima-da-conegliano
553,cimabue
554,alexandru-ciucurencu
555,florin-ciulache
556,mikalojus-ciurlionis
557,pieter-claesz
558,claricia
559,lygia-clark
560,harry-clarke
561,claudio-castillo
562,emile-claus
563,francesco-clemente
564,chuck-close
565,giulio-clovio
566,teddy-cobena
567,alvin-langdon-coburn
568,jean-cocteau
569,pieter-codde
570,sue-coe
571,claudio-coello
572,christo-coetzee
573,bernard-cohen
574,aurel-cojan
575,adnan-coker
576,thomas-cole
577,john-collier
578,jacob-collins
579,william-collins
580,gisela-colon
581,alex-colville
582,mario-comensoli
583,charles-conder
584,william-congdon
585,john-constable
586,constantin-galceava
587,consuelo-hernandez
588,ron-cooper
589,cope2
590,john-singleton-copley
591,fern-coppedge
592,edward-corbett
593,le-corbusier
594,lovis-corinth
595,cornbread
596,corneille
597,joseph-cornell
598,pedro-coronel
599,camille-corot
600,antonio-corpora
601,correggio
602,hermann-david-salomon-corrodi
603,mary-corse
604,edouard-cortes
605,grace-cossington-smith
606,costin-brateanu
607,roman-cotosman
608,charles-cottet
609,robert-cottingham
610,gustave-courbet
611,thomas-couture
612,frank-cadogan-cowper
613,jan-cox
614,lucas-cranach-the-elder
615,walter-crane
616,rah-crawford
617,ralston-crawford
618,martin-creed
619,giuseppe-maria-crespi
620,carlo-crivelli
621,john-crome
622,henri-edmond-cross
623,joaquin-manuel-fernandez-cruzado
624,carlos-cruz-diez
625,tivadar-kosztka-csontvary
626,ctc
627,enzo-cucchi
628,modest-cuixart
629,charles-courtney-curran
630,currier-and-ives
631,john-currin
632,aelbert-cuyp
633,bela-czobel
634,pietro-da-cortona
635,giovanni-da-milano
636,ant-nio-de-carvalho-da-silva-porto
637,leonardo-da-vinci
638,daniele-da-volterra
639,leon-dabo
640,antonio-dacosta
641,dadamaino
642,richard-dadd
643,dado
644,yosef-joseph-yaakov-dadoune
645,pino-daeni
646,johan-christian-dahl
647,helen-dahm
648,chang-dai-chien
649,daisuke-yokota
650,salvador-dali
651,horia-damian
652,pierre-emmanuel-damoye
653,ken-danby
654,daniel-f-gerhartz
655,daniel-johnson
656,danile-bongiovanni
657,danielson-gambogi-elin
658,danny-daniel-dimauro
659,guan-daosheng
660,nassos-daphnis
661,nicolae-darascu
662,hanne-darboven
663,allan-d-arcangelo
664,jacques-daret
665,henry-darger
666,sandu-darie
667,veletanlic-darmin
668,iran-darroudi
669,darwin-stead
670,jahar-dasgupta
671,mostafa-dashti
672,charles-francois-daubigny
673,honore-daumier
674,pierre-daura
675,ian-davenport
676,david-cox
677,gerard-david
678,jacques-louis-david
679,jean-david
680,david-davies
681,jose-davila
682,gene-davis
683,henry-william-banks-davis
684,ronald-davis
685,stuart-davis
686,adrien-dax
687,georgina-de-albuquerque
688,edouard-de-biefve
689,giorgio-de-chirico
690,rudolf-de-crignis
691,cristovao-de-figueiredo
692,jose-de-guimaraes
693,meijer-de-haan
694,raoul-de-keyser
695,elaine-de-kooning
696,willem-de-kooning
697,walter-de-maria
698,adolph-de-meyer
699,evelyn-de-morgan
700,robert-de-niro-sr
701,giuseppe-de-nittis
702,josefa-de-obidos
703,filippo-de-pisis
704,fabio-de-sanctis
705,andres-de-santa-maria
706,andre-dunoyer-de-segonzac
707,angelo-de-sousa
708,nicolas-de-sta-l
709,simon-de-vlieger
710,maarten-de-vos
711,herman-de-vries
712,richard-deacon
713,edouard-debat-ponsan
714,deborah-eve-alastra
715,olivier-debre
716,joseph-decamp
717,jay-defeo
718,edgar-degas
719,jean-degottex
720,deiryu
721,francesco-del-cossa
722,f-lix-del-marle
723,andrea-del-verrochio
724,eugene-delacroix
725,tony-delap
726,paul-delaroche
727,robert-delaunay
728,sonia-delaunay
729,carles-delclaux-is
730,piero-della-francesca
731,raphael-delorme
732,paul-delvaux
733,robert-demachy
734,lucia-demetriade-balacescu
735,artin-demirci
736,dilek-demirci
737,charles-demuth
738,maurice-denis
739,andre-derain
740,claude-deruet
741,charles-despiau
742,gebre-kristos-desta
743,thomas-dewing
744,aleksandr-deyneka
745,daniel-dezeuze
746,emiliano-di-cavalcanti
747,piero-di-cosimo
748,mark-di-suvero
749,luca-di-tomme
750,martha-diamond
751,narcisse-virgilio-diaz
752,jan-dibbets
753,edwin-dickinson
754,frank-dicksee
755,thomas-francis-dicksee
756,richard-diebenkorn
757,adolf-dietrich
758,laddie-john-dill
759,burgoyne-diller
760,stefan-dimitrescu
761,vladimir-dimitrov
762,jim-dine
763,abidin-dino
764,mark-dion
765,karl-edvard-diriks
766,martin-disler
767,otto-dix
768,maynard-dixon
769,vasile-dobrian
770,william-dobson
771,mstislav-dobuzhinsky
772,theo-van-doesburg
773,burhan-dogancay
774,peter-doig
775,robert-doisneau
776,cesar-domela
777,oscar-dominguez
778,dominique-rousseau
779,don-kenn
780,donatello
781,enrico-donati
782,dondi
783,antonio-donghi
784,piero-dorazio
785,gustave-dore
786,dosso-dossi
787,gerardo-dottori
788,gerrit-dou
789,aaron-douglas
790,luis-dourdil
791,arthur-dove
792,thomas-downing
793,peter-downsbrough
794,herbert-james-draper
795,peter-dreher
796,rosalyn-drexler
797,jean-lecomte-du-nouy
798,paul-du-toit
799,albert-dubois-pillet
800,jean-francois-dubreuil
801,pierre-dubreuil
802,jean-dubuffet
803,duccio
804,marcel-duchamp
805,suzanne-duchamp
806,joseph-ducreux
807,raoul-dufy
808,edmund-dulac
809,natalia-dumitresco
810,sorin-dumitrescu
811,john-duncan
812,jean-dupas
813,jules-dupre
814,asher-brown-durand
815,albrecht-durer
816,jimmie-durham
817,rene-duvillier
818,willem-cornelisz-duyster
819,mustafa-duzgunman
820,dusan-dzamonja
821,friedel-dzubas
822,thomas-eakins
823,ralph-earl
824,eyvind-earle
825,christian-eckart
826,christoffer-wilhelm-eckersberg
827,otto-eckmann
828,edelfelt-albert
829,edmund-blair-leighton
830,auguste-edouart
831,eelbo-dominique
832,hilly-van-eerten
833,albin-egger-lienz
834,marjan-eggermont
835,william-eggleston
836,keisai-eisen
837,hakuin-ekaku
838,aleksandra-ekster
839,el-greco
840,el-lissitzky
841,micaela-eleutheriade
842,olafur-eliasson
843,mario-eloy
844,mir-emad-hassani
845,mirza-agha-emami
846,tracey-emin
847,ende
848,enji-torei
849,james-ensor
850,jacob-epstein
851,epsylon-point
852,adalbert-erdeli
853,erik-masskholder
854,erik-sigerud
855,ali-omar-ermes
856,jimmy-ernst
857,max-ernst
858,erol-akyavas
859,erro
860,erte
861,elliott-erwitt
862,jose-escada
863,m-c-escher
864,marisol-escobar
865,esmaeilrezaei
866,maurice-esteve
867,ethel-reed
868,bracha-l-ettinger
869,frank-eugene
870,richard-eurich
871,fred-eversley
872,julius-evola
873,ivan-eyre
874,fab-5-freddy
875,gentile-da-fabriano
876,carel-fabritius
877,giandomenico-facchina
878,facundus
879,oyvind-fahlstrom
880,julian-falat
881,luis-ricardo-falero
882,robert-falk
883,wojciech-fangor
884,henri-fantin-latour
885,istvan-farkas
886,joseph-farquharson
887,mahmoud-farshchian
888,giovanni-fattori
889,jean-fautrier
890,fayum-portrait
891,thomas-fearnley
892,mary-fedden
893,helmut-federle
894,pavel-fedotov
895,paul-feeley
896,tony-feher
897,lyonel-feininger
898,lorser-feitelson
899,luis-feito
900,felice-pedretti
901,felipe-de-vicente
902,lin-fengmian
903,ferenc-pinter
904,karoly-ferenczy
905,john-duncan-fergusson
906,gohar-fermanyan
907,defendente-ferrari
908,leon-ferrari
909,jose-ferraz-de-almeida-junior
910,john-ferren
911,roberto-ferri
912,gabriel-ferrier
913,tano-festa
914,rainer-fetting
915,arshak-fetvadjian
916,domenico-fiasella
917,pedro-figari
918,luke-fildes
919,emil-filla
920,robert-filliou
921,pavel-filonov
922,sheila-finch
923,spencer-finch
924,perle-fine
925,leonor-fini
926,howard-finster
927,rosso-fiorentino
928,eric-fischl
929,janet-fish
930,harrison-fisher
931,audrey-flack
932,dan-flavin
933,konstantin-dmitriyevich-flavitsky
934,adolf-fleischmann
935,constantin-flondor
936,thalia-flora-karavia
937,florijan
938,franco-fontana
939,lavinia-fontana
940,lucio-fontana
941,gustavo-foppiani
942,gunther-forg
943,fornasetti
944,eleanor-fortescue-brickdale
945,william-gilbert-foster
946,tsuguharu-foujita
947,jean-fouquet
948,fra-angelico
949,fra-bartolomeo
950,jean-honore-fragonard
951,esteban-frances
952,sam-francis
953,master-francke
954,frans-francken-the-younger
955,jane-frank
956,helen-frankenthaler
957,rodrigo-franzao
958,greta-freist
959,roger-de-la-fresnaye
960,lucian-freud
961,otto-freundlich
962,caspar-david-friedrich
963,richard-friese
964,frederick-carl-frieseke
965,othon-friesz
966,gerard-fromanger
967,terry-frost
968,brian-froud
969,gunter-fruhtrunk
970,roger-fry
971,fu-baoshi
972,ernst-fuchs
973,fujishima-takeji
974,isaac-fuller
975,kerry-o-furlani
976,henry-fuseli
977,futura-2000
978,ethel-leontine-gabain
979,gabino-amaya-cacho
980,naum-gabo
981,clarence-gagnon
982,thomas-gainsborough
983,gala-mell
984,julio-galan
985,fede-galizia
986,emile-galle
987,akseli-gallen-kallela
988,charles-garabedian
989,horacio-garcia-rossi
990,gary-wragg
991,yves-gaucher
992,paul-gauguin
993,paul-gavarni
994,walter-gay
995,gazmend-freitag
996,nikolai-ge
997,eduard-von-gebhardt
998,ilka-gedo
999,gego
1000,rupprecht-geiger
1001,ogata-gekko
1002,ivan-generalic
1003,kogan-gengei
1004,artemisia-gentileschi
1005,isa-genzken
1006,claude-georges
1007,georgy-yakulov
1008,gaylen-gerber
1009,theo-gerber
1010,theodore-gericault
1011,jean-leon-gerome
1012,richard-gerstl
1013,henri-gervex
1014,gunther-gerzso
1015,gevorg-bashindzhagian
1016,adrian-ghenie
1017,ion-alin-gheorghiu
1018,marin-gherasim
1019,dumitru-ghiatza
1020,ghiberti
1021,domenico-ghirlandaio
1022,alberto-giacometti
1023,giambologna
1024,vincent-giarrano
1025,harry-phelan-gibb
1026,charles-gibbons
1027,john-gibson
1028,aleksander-gierymski
1029,h-r-giger
1030,piero-gilardi
1031,eric-gill
1032,sam-gilliam
1033,liam-gillick
1034,luca-giordano
1035,giorgione
1036,giotto
1037,anne-louis-girodet
1038,alberto-gironella
1039,thomas-girtin
1040,giuliana-lazzerini
1041,william-james-glackens
1042,fritz-glarner
1043,albert-gleizes
1044,charles-gleyre
1045,john-glover
1046,domenico-gnoli
1047,robert-gober
1048,john-william-godward
1049,mathias-goeritz
1050,ralph-goings
1051,chaim-goldberg
1052,goldstein-grigoriy
1053,nuno-goncalves
1054,natalia-goncharova
1055,kuno-gonschior
1056,eva-gonzales
1057,julio-gonzalez
1058,dominique-gonzalez-foerster
1059,felix-gonzalez-torres
1060,joe-goode
1061,robert-goodnough
1062,betty-goodwin
1063,goran-despotovski
1064,apollinariy-goravskiy
1065,konstantin-ivanovich-gorbatov
1066,ron-gorchov
1067,arshile-gorky
1068,antony-gormley
1069,dumitru-gorzo
1070,adolph-gottlieb
1071,maurycy-gottlieb
1072,karl-otto-gotz
1073,francisco-goya
1074,benozzo-gozzoli
1075,igor-grabar
1076,camille-graeser
1077,gerhard-von-graevenitz
1078,grandma-moses
1079,speedy-graphito
1080,eug-ne-grasset
1081,enrique-grau
1082,emilio-grau-sala
1083,gotthard-graubner
1084,morris-graves
1085,nancy-graves
1086,denise-green
1087,balcomb-greene
1088,koboyan-gregoire
1089,giorgio-griffa
1090,grigor-khanjyan
1091,gregorio-sciltian
1092,ion-grigorescu
1093,lucian-grigorescu
1094,nicolae-grigorescu
1095,boris-grigoriev
1096,sergiy-grigoriev
1097,john-atkinson-grimshaw
1098,juan-gris
1099,ivan-grohar
1100,red-grooms
1101,antoine-jean-gros
1102,robert-grosvenor
1103,george-grosz
1104,jan-groth
1105,francis-gruber
1106,matthias-grunewald
1107,eduard-von-grutzner
1108,wang-guangyi
1109,guanxiu
1110,wu-guanzhong
1111,francesco-guardi
1112,luigi-guardigli
1113,oswaldo-guayasamin
1114,max-gubler
1115,hans-gude
1116,kaloust-guedel
1117,guercino
1118,pierre-narcisse-guerin
1119,jose-guerrero
1120,o-louis-guglielmi
1121,guido-viaro
1122,guillaume-seignac
1123,armand-guillaumin
1124,paul-guiragossian
1125,lajos-gulacsy
1126,guntis-strupulis
1127,guo-xi
1128,andreas-gursky
1129,gustav-adolf-mossa
1130,philip-guston
1131,renato-guttuso
1132,guy-rose
1133,constantin-guys
1134,wade-guyton
1135,tihamer-gyarmathy
1136,cornelis-norbertus-gysbrechts
1137,brion-gysin
1138,nikolaos-gyzis
1139,ha-chong-hyun
1140,hans-haacke
1141,nikos-hadjikyriakos-ghikas
1142,michael-hafftka
1143,marcia-hafif
1144,hai-hsin-huang
1145,etienne-hajdu
1146,maki-haku
1147,peter-halley
1148,halonen-pekka
1149,frans-hals
1150,philippe-halsman
1151,richard-hambleton
1152,osman-hamdi
1153,sheikh-hamdullah
1154,javad-hamidi
1155,ann-hamilton
1156,james-hamilton
1157,richard-hamilton
1158,william-hamilton
1159,vilhelm-hammershoi
1160,frederick-hammersley
1161,harmony-hammond
1162,david-hammons
1163,han-gan
1164,hannah-faith-yata
1165,hannibal-alkhas
1166,erin-hanson
1167,simon-hantai
1168,thomas-hardy
1169,david-hare
1170,keith-haring
1171,william-michael-harnett
1172,haroutiun-galentz
1173,lady-frieda-harris
1174,lawren-harris
1175,robert-harris
1176,robert-g-harris
1177,william-hart
1178,marsden-hartley
1179,hans-hartung
1180,george-harvey
1181,goyo-hashiguchi
1182,childe-hassam
1183,alex-hay
1184,francesco-hayez
1185,werner-haypeter
1186,martin-johnson-heade
1187,jeanne-hebuterne
1188,erich-heckel
1189,jacoba-van-heemskerck
1190,hubertine-heijermans
1191,fons-heijnsbroek
1192,thomas-theodor-heine
1193,robert-heinecken
1194,michael-heizer
1195,al-held
1196,jesus-helguera
1197,jean-helion
1198,jan-van-hemessen
1199,jeremy-henderson
1200,john-henderson
1201,robert-henri
1202,armand-henrion
1203,george-henry
1204,auguste-herbin
1205,josef-herman
1206,charles-hermans
1207,jacques-h-rold
1208,patrick-heron
1209,herrad-of-landsberg
1210,saturnino-herran
1211,carmen-herrera
1212,francisco-herrera
1213,hermann-ottomar-herzog
1214,eva-hesse
1215,prudence-heward
1216,jean-hey
1217,hans-heysen
1218,dale-hickey
1219,edward-hicks
1220,sheila-hicks
1221,jose-higuera
1222,hildegard-of-bingen
1223,thomas-hill
1224,john-hilliard
1225,nicholas-hilliard
1226,lewis-hine
1227,charles-hinman
1228,david-michael-hinnebusch
1229,hans-hinterreiter
1230,unichi-hiratsuka
1231,adolf-hiremy-hirschl
1232,hiroshige
1233,thomas-hirschhorn
1234,hanna-hirsch-pauli
1235,damien-hirst
1236,oleksandr-hnylyzkyj
1237,hannah-hoch
1238,david-hockney
1239,howard-hodgkin
1240,ferdinand-hodler
1241,hans-hoffmann
1242,hans-hofmann
1243,william-hogarth
1244,toyota-hokkei
1245,katsushika-hokusai
1246,hans-holbein-the-younger
1247,clarence-holbrook-carter
1248,carsten-holler
1249,oleg-holosiy
1250,carl-holsoe
1251,nancy-holt
1252,oskar-holweck
1253,winslow-homer
1254,melchior-d-hondecoeter
1255,gottfried-honegger
1256,xu-hongming
1257,chen-hongshou
1258,pieter-de-hooch
1259,edward-hopper
1260,john-hoppner
1261,rebecca-horn
1262,roni-horn
1263,marc-horowitz
1264,alla-horska
1265,ralph-hotere
1266,houssam-eddine-hafdi
1267,jean-jansem
1268,hovsep-pushman
1269,ray-howlett
1270,john-hoyland
1271,huang-shen
1272,li-huasheng
1273,douglas-huebler
1274,arthur-hughes
1275,georges-hugnet
1276,jean-hugo
1277,victor-hugo
1278,hugues-folloppe
1279,albert-huie
1280,emperor-huizong
1281,gary-hume
1282,friedensreich-hundertwasser
1283,william-holman-hunt
1284,emil-hunten
1285,robert-huot
1286,frank-hurley
1287,m-f-husain
1288,huseyin-avni-lifij
1289,alfred-heber-hutty
1290,pierre-huyghe
1291,chul-hyun-ahn
1292,ian-bent
1293,leiko-ikemura
1294,il-sodoma
1295,sorin-ilfoveanu
1296,istvan-ilosvai-varga
1297,ilse-dhollander
1298,jorg-immendorff
1299,robert-indiana
1300,john-stuart-ingle
1301,jean-auguste-dominique-ingres
1302,callum-innes
1303,george-inness
1304,albert-irvin
1305,robert-irwin
1306,eduard-isabekyan
1307,iosif-iser
1308,iseult-labote
1309,isidore-isou
1310,alexandre-istrati
1311,ilya-isupov
1312,ito-shinsui
1313,johannes-itten
1314,alexander-ivanov
1315,alfredo-jaar
1316,richard-jack
1317,a-y-jackson
1318,john-jackson
1319,ward-jackson
1320,max-jacob
1321,antonio-jacobsen
1322,paul-jacoulet
1323,alexandre-jacovleff
1324,charles-jacque
1325,jacqueline-hick
1326,bruno-jakob
1327,georgios-jakobides
1328,ito-jakuchu
1329,jan-czeslaw-pyrgies
1330,johannes-jan-schoonhoven
1331,jana-brike
1332,marcel-janco
1333,louis-janmot
1334,rune-jansson
1335,tess-jaray
1336,jarnefelt-eero
1337,jaroslav-keluc
1338,valerie-jaudon
1339,javier-carlos-ibarrrondo-los-arcos
1340,jean-baptiste-greuze
1341,paul-jenkins
1342,alfred-jensen
1343,jean-paul-jerome
1344,jimmy-ortiz
1345,jivan-camoirano
1346,jocelyn-kearns
1347,augustus-john
1348,jack-boese
1349,gwen-john
1350,john-baroque
1351,jasper-johns
1352,david-johnson
1353,eastman-johnson
1354,joshua-johnson
1355,william-h-johnson
1356,frank-johnston
1357,allen-jones
1358,owen-jones
1359,thomas-jones
1360,jonone
1361,sven-jonson
1362,asgrimur-jonsson
1363,jacob-jordaens
1364,jordao-de-oliveira
1365,tea-jorjadze
1366,asger-jorn
1367,costigliolo
1368,peter-joseph
1369,joshu-shunso
1370,josignacio
1371,paja-jovanovic
1372,jp-odonnell
1373,donald-judd
1374,julio-pomar
1375,ilya-kabakov
1376,kiyokata-kaburagi
1377,bela-kadar
1378,frida-kahlo
1379,wolf-kahn
1380,vytautas-kairiukstis
1381,david-kakabadze
1382,willem-kalf
1383,kamal-ol-molk
1384,akira-kanayama
1385,wassily-kandinsky
1386,paul-kane
1387,kano-eitoku
1388,kano-masanobu
1389,kano-motonobu
1390,nabil-kanso
1391,anish-kapoor
1392,allan-kaprow
1393,ahmed-karahisari
1394,gertrude-kasebier
1395,vytautas-kasiulis
1396,kasramvd
1397,lajos-kassak
1398,jacob-kassay
1399,katsuhito-nishikawa
1400,alex-katz
1401,angelica-kauffman
1402,craig-kauffman
1403,wilhelm-von-kaulbach
1404,kaoru-kawano
1405,on-kawara
1406,hasui-kawase
1407,louay-kayyali
1408,vasile-kazar
1409,kazimierz-mikulski
1410,kazuaki-tanahashi
1411,kazuo-shiraga
1412,keido-fukushima
1413,ellsworth-kelly
1414,john-frederick-kensett
1415,andre-kertesz
1416,fernand-khnopff
1417,petro-kholodny-elder
1418,valentin-khrushch
1419,alexander-khvostenko-khvostov
1420,khimich-yuriy-ivanovich
1421,abbas-kiarostami
1422,anselm-kiefer
1423,manfred-kielnhofer
1424,michel-kikoine
1425,oliver-kilbourn
1426,kim-tschang-yeul
1427,phillip-king
1428,thomas-kinkade
1429,lyman-kipp
1430,martin-kippenberger
1431,orest-kiprensky
1432,ernst-ludwig-kirchner
1433,raphael-kirchner
1434,moise-kisling
1435,r-b-kitaj
1436,theodor-severin-kittelsen
1437,konrad-klapheck
1438,abdul-mati-klarwein
1439,paul-klee
1440,yves-klein
1441,paula-klien
1442,gustav-klimt
1443,franz-kline
1444,max-klinger
1445,hilma-af-klint
1446,kmetty-janos
1447,karl-knaths
1448,daniel-ridgway-knight
1449,laura-knight
1450,winifred-knights
1451,imi-knoebel
1452,alison-knowles
1453,nikolaus-knupfer
1454,christen-kobke
1455,katarzyna-kobro
1456,joseph-anton-koch
1457,yervand-kochar
1458,oskar-kokoschka
1459,johann-koler
1460,kathe-kollwitz
1461,babken-kolozyan
1462,pyotr-konchalovsky
1463,yov-kondzelevych
1464,alekos-kontopoulos
1465,jeff-koons
1466,wanda-koop
1467,harriet-korman
1468,aladar-korosfoi-kriesch
1469,konstantin-korovin
1470,aleksey-ivanovich-korzukhin
1471,gyula-kosice
1472,ohara-koson
1473,joseph-kosuth
1474,wilhelm-kotarbinski
1475,jannis-kounellis
1476,joyce-kozloff
1477,ivan-kramskoy
1478,edward-krasinski
1479,lee-krasner
1480,michael-krebber
1481,pinchus-kremegne
1482,veniamin-kremer
1483,john-lewis-krimmel
1484,lubo-kristek-in-landsberg
1485,leon-kroll
1486,peder-severin-kroyer
1487,barbara-kruger
1488,alfred-freddy-krupa
1489,nicholas-krushenick
1490,fedir-krychevsky
1491,vasyl-hryhorovych-krychevsky
1492,alfred-kubin
1493,john-c-kuchera
1494,gary-kuehn
1495,heinrich-kuhn
1496,arkhip-kuindzhi
1497,kukryniksy
1498,nikolai-kulbin
1499,yasuo-kuniyoshi
1500,moshe-kupferman
1501,frantisek-kupka
1502,aki-kuroda
1503,max-kurzweil
1504,yayoi-kusama
1505,vladimir-kush
1506,boris-kustodiev
1507,nikolai-dmitriyevich-kuznetsov
1508,loraine-yaffe
1509,henry-herbert-la-thangue
1510,georges-de-la-tour
1511,maurice-quentin-de-la-tour
1512,felix-labisse
1513,georges-lacombe
1514,lev-lagorio
1515,maria-lai
1516,wolfgang-laib
1517,vajda-lajos
1518,maxime-lalanne
1519,georges-lallemand
1520,yves-laloy
1521,wifredo-lam
1522,giulia-lama
1523,george-lambert
1524,george-washington-lambert
1525,jim-lambie
1526,vilho-lampi
1527,svetlana-kanyo
1528,mark-lancaster
1529,evgeniy-evgenevich
1530,ronnie-landfield
1531,edwin-henry-landseer
1532,jerome-martin-langlois
1533,fernando-lanhas
1534,andre-lanskoy
1535,alvaro-lapa
1536,charles-lapicque
1537,mikhail-larionov
1538,marcus-larson
1539,carl-larsson
1540,philip-de-laszlo
1541,dorothy-lathrop
1542,sydney-laurence
1543,marie-laurencin
1544,henri-laurens
1545,jean-paul-laurens
1546,john-lavery
1547,bob-law
1548,jacob-lawrence
1549,thomas-lawrence
1550,bice-lazzari
1551,pietro-lazzari
1552,charles-le-brun
1553,henri-le-fauconnier
1554,jacques-le-marechal
1555,jean-le-moal
1556,le-nain-brothers
1557,julio-le-parc
1558,le-pho
1559,blek-le-rat
1560,eustache-le-sueur
1561,edward-lear
1562,klavdy-lebedev
1563,mikhail-lebedev
1564,walter-leblanc
1565,lech-jankowski
1566,bart-van-der-leck
1567,fernand-leduc
1568,alan-lee
1569,john-lee
1570,lee-ufan
1571,john-leech
1572,jules-joseph-lefebvre
1573,jules-lefranc
1574,silvestro-lega
1575,fernand-leger
1576,wilhelm-leibl
1577,frederic-leighton
1578,william-leighton-leitch
1579,daan-lemaire
1580,polychronis-lembesis
1581,jean-paul-lemieux
1582,georges-lemmen
1583,tamara-de-lempicka
1584,aristarkh-lentulov
1585,eugene-leroy
1586,karl-lessing
1587,leo-leuppi
1588,emanuel-gottlieb-leutze
1589,dana-levin
1590,sherrie-levine
1591,isaac-levitan
1592,dmitry-levitzky
1593,norman-lewis
1594,wyndham-lewis
1595,sol-lewitt
1596,lex-blaakman
1597,frank-xavier-leyendecker
1598,j-c-leyendecker
1599,judith-leyster
1600,andr-lhote
1601,li-cheng
1602,li-chevalier
1603,li-tang
1604,alexander-liberman
1605,roy-lichtenstein
1606,james-licini
1607,max-liebermann
1608,jan-lievens
1609,antonio-ligabue
1610,david-ligare
1611,artesense
1612,limbourg-brothers
1613,maya-lin
1614,linde-martin
1615,richard-lindner
1616,jacques-lipchitz
1617,filippo-lippi
1618,pat-lipsky
1619,lo-scheggia
1620,frank-lobdell
1621,vladimir-loboda
1622,aldo-locatelli
1623,verena-loewensberg
1624,bertold-loffler
1625,kimon-loghi
1626,william-logsdail
1627,richard-paul-lohse
1628,gustave-loiseau
1629,charles-long
1630,richard-long
1631,barbara-longhi
1632,pietro-longhi
1633,gregorio-lopes
1634,antonio-lopez
1635,christian-august-lorentzen
1636,ambrogio-lorenzetti
1637,pietro-lorenzetti
1638,claude-lorrain
1639,lorenzo-lotto
1640,marcelle-loubchansky
1641,morris-louis
1642,seraphine-louis
1643,louisa-matthiasdottir
1644,arthur-lowe
1645,l-s-lowry
1646,manuel-rodriguez-lozano
1647,raul-lozza
1648,gherasim-luca
1649,maximilien-luce
1650,stefan-luchian
1651,rubem-ludolf
1652,ludovico-consentino-lombardi
1653,ludwiga-nesterovich
1654,sven-lukin
1655,george-luks
1656,vilhelm-lundstrom
1657,jose-luzan
1658,viktor-lyapkalo
1659,david-lynch
1660,nikolaos-lytras
1661,ma-yuan
1662,dora-maar
1663,manabu-mabe
1664,mabuse
1665,frances-macdonald-macnair
1666,j-e-h-macdonald
1667,jock-macdonald
1668,heinz-mack
1669,august-macke
1670,landon-mackenzie
1671,charles-rennie-mackintosh
1672,margaret-macdonald
1673,ligia-macovei
1674,robert-macpherson
1675,conroy-maddox
1676,luis-de-madrazo-y-kuntz
1677,nicolaes-maes
1678,alberto-magnelli
1679,rene-magritte
1680,mahmud-tagiyev
1681,vivian-maier
1682,aristide-maillol
1683,benoit-maire
1684,konstantin-makovsky
1685,vladimir-makovsky
1686,vsevolod-maksymovych
1687,jacek-malczewski
1688,tomas-maldonado
1689,konstantinos-maleas
1690,kazimir-malevich
1691,anita-malfatti
1692,malgorzata-serwatka
1693,jose-malhoa
1694,malte-sonnenfeld
1695,filipp-malyavin
1696,jon-mcnaughton
1697,vicente-manansala
1698,antonio-mancini
1699,alfred-manessier
1700,edouard-manet
1701,inigo-manglano-ovalle
1702,robert-mangold
1703,abraham-manievich
1704,nicolae-maniu
1705,arman-manookian
1706,ustad-mansur
1707,andrea-mantegna
1708,manuel-alcaide-mengual
1709,manuela-sambo
1710,piero-manzoni
1711,giacomo-manzu
1712,marblecards
1713,franz-marc
1714,conrad-marca-relli
1715,marcel-diogo
1716,louis-marcoussis
1717,brice-marden
1718,marevna-marie-vorobieff
1719,viorel-marginean
1720,boris-margo
1721,carlo-maria-mariani
1722,marcel-marien
1723,john-marin
1724,marina-pallares
1725,marino-marini
1726,marinus-van-reymerswaele
1727,joseph-marioni
1728,mark-sibley
1729,marko-djuricic
1730,bernardo-marques
1731,albert-marquet
1732,kerry-james-marshal
1733,agnes-martin
1734,henri-martin
1735,john-martin
1736,xavier-martinez
1737,simone-martini
1738,nikola-martinoski
1739,aldemir-martins
1740,jorge-martins
1741,maruja-mallo
1742,mary-jane-ansell
1743,mary-josephine-walters
1744,masaccio
1745,ilya-mashkov
1746,george-hemming-mason
1747,nyoman-masriadi
1748,andre-masson
1749,hassan-massoudy
1750,masud-dalhar
1751,jan-matejko
1752,mathieu-arbez-hermoso
1753,georges-mathieu
1754,paul-mathiopoulos
1755,henri-matisse
1756,matsutani
1757,quentin-matsys
1758,roberto-matta
1759,janos-mattis-teutsch
1760,maxime-maufra
1761,mauricio-paz-viola
1762,charles-maurin
1763,anton-mauve
1764,almir-mavignier
1765,george-mavroides
1766,gabriel-von-max
1767,peter-max
1768,florin-maxa
1769,maxim-keyfman
1770,m-h-maxy
1771,galliano-mazzon
1772,allan-mccollum
1773,john-mccracken
1774,frederick-mccubbin
1775,jerry-w-mcdaniel
1776,barbara-mcgivern
1777,john-mclaughlin
1778,laszlo-mednyanszky
1779,guy-mees
1780,hatip-mehmed-efendi
1781,jozef-mehoffer
1782,julie-mehretu
1783,howard-mehring
1784,cildo-meireles
1785,victor-meirelles
1786,ernest-meissonier
1787,anton-melbye
1788,max-meldrum
1789,vadym-meller
1790,fausto-melotti
1791,hans-memling
1792,menez
1793,anton-raphael-mengs
1794,adolph-menzel
1795,maria-sibylla-merian
1796,carlos-merida
1797,luc-olivier-merson
1798,charles-meryon
1799,jerome-mesnager
1800,jean-messagier
1801,antonello-da-messina
1802,mestre-ata-de
1803,ivan-mestrovic
1804,willard-metcalf
1805,gabriel-metsu
1806,gustav-metzger
1807,jean-metzinger
1808,adam-van-der-meulen
1809,corneliu-michailescu
1810,piotr-michalowski
1811,henri-michaux
1812,michelangelo
1813,arturo-michelena
1814,gr-goire-michonze
1815,frans-van-mieris-the-elder
1816,mihai-sarbulescu
1817,mihri-musfik
1818,ivan-milev
1819,beatriz-milhazes
1820,john-everett-millais
1821,john-miller
1822,jean-francois-millet
1823,milos-pavlovic
1824,d-jeffrey-mims
1825,jean-miotte
1826,george-demetrescu-mirea
1827,joan-miro
1828,boyukagha-mirzazade
1829,a-mishra
1830,miss-tic
1831,charles-william-mitchell
1832,joan-mitchell
1833,tosa-mitsuoki
1834,percaturan-singgahsana
1835,paula-modersohn-becker
1836,amedeo-modigliani
1837,nasreen-mohamedi
1838,mohammad-hadi-tajvidi
1839,bahman-mohasses
1840,laszlo-moholy-nagy
1841,louise-moillon
1842,jan-miense-molenaer
1843,guido-molinari
1844,pierre-molinier
1845,istvan-molnar
1846,lorenzo-monaco
1847,aldo-mondino
1848,piet-mondrian
1849,claude-monet
1850,monica-blatton
1851,robert-montenegro
1852,adolphe-joseph-thomas-monticelli
1853,montserrat-gudiol
1854,jeremy-moon
1855,albert-joseph-moore
1856,henry-moore
1857,henry-moore-ra
1858,graca-morais
1859,yiannis-moralis
1860,thomas-moran
1861,giorgio-morandi
1862,gustave-moreau
1863,johannes-moreelse
1864,francois-morellet
1865,frederick-morgan
1866,david-morier
1867,berthe-morisot
1868,george-morland
1869,malcolm-morley
1870,desmond-morris
1871,robert-morris
1872,sarah-morris
1873,william-morris
1874,norval-morrisseau
1875,richard-mortensen
1876,morteza-katouzian
1877,koloman-moser
1878,olivier-mosset
1879,robert-motherwell
1880,sadamasa-motonaga
1881,henri-motte
1882,mr-dejo
1883,sun-mu
1884,alphonse-mucha
1885,leonid-muchnyk
1886,otto-myul
1887,otto-mueller
1888,stephen-mueller
1889,craig-mullins
1890,bruno-munari
1891,edvard-munch
1892,vik-muniz
1893,mihaly-munkacsy
1894,gabriele-munter
1895,takashi-murakami
1896,mykola-murashko
1897,oleksandr-murashko
1898,bartolome-esteban-murillo
1899,catherine-murphy
1900,ahmad-musa
1901,wangechi-mutu
1902,samuel-mutzner
1903,grigoriy-myasoyedov
1904,dimitris-mytaras
1905,carlos-nadal
1906,istvan-nagy
1907,nakagawa-soen
1908,nakahara-nantenbo
1909,doreen-reid-nakamarra
1910,kazuo-nakamura
1911,tadashi-nakayama
1912,reuben-nakian
1913,dmitry-nalbandyan
1914,francis-naranjo
1915,akkitham-narayanan
1916,heorhiy-narbut
1917,naser-ramezani
1918,rafa-nasiri
1919,nathan-judds
1920,august-natterer
1921,jean-marc-nattier
1922,bruce-nauman
1923,vangel-naumovski
1924,ernst-wilhelm-nay
1925,paul-neagu
1926,radi-nedelchev
1927,alice-neel
1928,edgar-negret
1929,leroy-neiman
1930,plautilla-nelli
1931,nemanja-vuckovic
1932,aurelie-nemours
1933,odd-nerdrum
1934,manuel-neri
1935,eduardo-nery
1936,mikhail-nesterov
1937,ernesto-neto
1938,louise-nevelson
1939,c-r-w-nevinson
1940,barnett-newman
1941,nguyen-dinh-dang
1942,ni-zan
1943,costas-niarchos
1944,nicholas-of-verdun
1945,ben-nicholson
1946,winifred-nicholson
1947,robert-nickle
1948,ion-nicodim
1949,kay-nielsen
1950,mario-nigro
1951,ivan-nikitin
1952,nikos-nikolaou
1953,ike-no-taiga
1954,noguchi-isamu
1955,sa-nogueira
1956,sidney-nolan
1957,kenneth-noland
1958,emil-nolde
1959,marianne-north
1960,guity-novin
1961,andrzej-nowacki
1962,jerzy-nowosielski
1963,requena-nozal
1964,emmerico-nunes
1965,nuri-iyem
1966,romul-nutiu
1967,jim-nutt
1968,mario-nuzzi
1969,alejandro-obregon
1970,octavio-ocampo
1971,jacob-ochtervelt
1972,john-o-connor
1973,albert-oehlen
1974,richard-oelze
1975,chris-ofili
1976,doug-ohlson
1977,rolf-ohst
1978,helio-oiticica
1979,kenzo-okada
1980,taro-okamoto
1981,georgia-o-keeffe
1982,togyu-okumura
1983,necmeddin-okyay
1984,claes-oldenburg
1985,olennikov-mikhail-zinovevich
1986,jules-olitski
1987,nathan-oliveira
1988,oliver-b-johnson-jr
1989,francisco-oller
1990,mihai-olos
1991,olowe-of-ise
1992,albert-julius-olsson
1993,olusola-david-ayibiowu
1994,omer-mujadzic
1995,koshiro-onchi
1996,robert-julian-onderdonk
1997,fusun-onur
1998,roman-opalka
1999,julian-opie
2000,dennis-oppenheim
2001,meret-oppenheim
2002,silviu-oravitzan
2003,orazio-gentileschi
2004,volodymyr-orlovsky
2005,alexander-orlowski
2006,jose-clemente-orozco
2007,carlos-orozco-romero
2008,william-orpen
2009,monique-orsini
2010,hafiz-osman
2011,adriaen-van-ostade
2012,isaac-van-ostade
2013,anna-ostroumova-lebedeva
2014,jorge-oteiza
2015,petre-oc-xeli
2016,otto-constantin
2017,jean-baptiste-oudry
2018,ramon-oviedo
2019,owon
2020,amedee-ozenfant
2021,wolfgang-paalen
2022,joseph-pace
2023,ion-pacea
2024,francisco-pacheco
2025,dimitrie-paciurea
2026,nam-june-paik
2027,abraham-palatnik
2028,pablo-palazuelo
2029,blinky-palermo
2030,theodor-pallady
2031,samuel-palmer
2032,victor-palmov
2033,antonio-palolo
2034,jose-pancetti
2035,giovanni-paolo-panini
2036,jozef-pankiewicz
2037,pericles-pantazis
2038,ion-pantilie
2039,giulio-paolini
2040,eduardo-paolozzi
2041,spyros-papaloukas
2042,georges-papazoff
2043,lygia-pape
2044,anatoli-papian
2045,sergei-parajanov
2046,mimi-parent
2047,luis-paret-y-alcazar
2048,david-park
2049,cornelia-parker
2050,ray-parker
2051,michel-parmentier
2052,parmigianino
2053,graydon-parrish
2054,maxfield-parrish
2055,alfred-parsons
2056,betty-parsons
2057,jurgen-partenheimer
2058,konstantinos-parthenis
2059,jules-pascin
2060,helen-pashgian
2061,victor-pasmore
2062,cesar-paternosto
2063,joachim-patinir
2064,patricia-jaqueline
2065,patrick-pietropoli
2066,patxi-xabier-lezama-perier
2067,georg-pauli
2068,paulo-tercio
2069,paul-paun
2070,kluza
2071,charles-willson-peale
2072,charles-sprague-pearce
2073,philip-pearlstein
2074,max-pechstein
2075,paul-peel
2076,clara-peeters
2077,henk-peeters
2078,werner-peiner
2079,agnes-lawrence-pelton
2080,tia-peltz
2081,george-pemba
2082,penko-gelev
2083,giuseppe-penone
2084,samuel-peploe
2085,jules-perahim
2086,peter-laszlo-peri
2087,constant-permeke
2088,vasily-perov
2089,nicola-perscheid
2090,pietro-perugino
2091,antoine-pesne
2092,johann-anton-de-peters
2093,roland-petersen
2094,denis-peterson
2095,gheorghe-petrascu
2096,kuzma-petrov-vodkin
2097,anatol-petrytsky
2098,john-pettie
2099,pettoruti
2100,kathleen-petyarre
2101,phase-2
2102,theodor-philipsen
2103,marjorie-acker-phillips
2104,peter-phillips
2105,gianni-piacentino
2106,francis-picabia
2107,pablo-picasso
2108,otto-piene
2109,pierre-auguste-cot
2110,joan-hernandez-pijuan
2111,constantin-piliuta
2112,arthur-pinajian
2113,pino-pinelli
2114,stanley-pinker
2115,albert-pinkham-ryder
2116,giuseppe-pinot-gallizio
2117,pinturicchio
2118,johann-georg-pinzel
2119,horace-pippin
2120,giovanni-battista-piranesi
2121,maximilian-pirner
2122,niko-pirosmani
2123,pisanello
2124,camille-pissarro
2125,michelangelo-pistoletto
2126,angel-planells
2127,marko-pogacnik
2128,vasily-polenov
2129,serge-poliakoff
2130,leon-polk-smith
2131,sigmar-polke
2132,jackson-pollock
2133,gio-pomodoro
2134,joan-ponc
2135,fernando-garcia-ponce
2136,louis-pons
2137,jacopo-pontormo
2138,juriaen-pool
2139,larry-poons
2140,alexander-pope
2141,stefan-popescu
2142,vasile-popescu
2143,lyubov-popova
2144,bertalan-por
2145,fairfield-porter
2146,candido-portinari
2147,rene-portocarrero
2148,vieira-portuense
2149,jose-guadalupe-posada
2150,charlotte-posenenske
2151,mily-possoz
2152,beatrix-potter
2153,henrique-pousao
2154,richard-pousette-dart
2155,nicolas-poussin
2156,charles-martin-powell
2157,edward-poynter
2158,jorge-prado
2159,enrico-prampolini
2160,karl-prantl
2161,mario-prassinos
2162,pratap-singh
2163,lidy-prati
2164,mary-pratt
2165,maurice-prendergast
2166,mattia-preti
2167,kenneth-price
2168,maria-primachenko
2169,stephen-prina
2170,richard-prince
2171,kim-prisu
2172,patrick-procktor
2173,jan-provoost
2174,pierre-paul-prud-hon
2175,pupazarro
2176,vilhelms-purvitis
2177,pierre-puvis-de-chavannes
2178,victor-puzyrkov
2179,howard-pyle
2180,mykola-pymonenko
2181,qi-baishi
2182,qiu-ying
2183,robert-qualters
2184,giacomo-quarenghi
2185,carmelo-arden-quin
2186,lee-quinones
2187,benito-quinquela-martin
2188,arthur-rackham
2189,henry-raeburn
2190,markus-raetz
2191,rafael-ferran
2192,jesus-rafael-soto
2193,rafal-bujnowski
2194,albert-rafols-casamada
2195,arnulf-rainer
2196,raiskina-marina
2197,mustafa-rakim
2198,vlada-ralko
2199,ramirez-villamizar
2200,mel-ramos
2201,allan-ramsay
2202,mel-ramsden
2203,raphael
2204,antonietta-raphael
2205,sonya-rapoport
2206,raquel-diaz-0
2207,raquel-forner
2208,jerg-ratgeb
2209,neo-rauch
2210,robert-rauschenberg
2211,roger-raveel
2212,raja-ravi-varma
2213,eric-ravilious
2214,man-ray
2215,jean-pierre-raynaud
2216,omar-rayo
2217,martial-raysse
2218,s-h-raza
2219,odilon-redon
2220,paul-reed
2221,paula-rego
2222,fritz-rehm
2223,robert-lewis-reid
2224,charles-reiffel
2225,ad-reinhardt
2226,rembrandt
2227,frederic-remington
2228,gregg-renfrow
2229,guido-reni
2230,pierre-auguste-renoir
2231,ilya-repin
2232,julio-resende
2233,milton-resnick
2234,camil-ressu
2235,paul-revere
2236,armando-reveron
2237,pablo-rey
2238,joshua-reynolds
2239,jason-rhoades
2240,georges-ribemont-dessaignes
2241,jusepe-de-ribera
2242,theodule-ribot
2243,germaine-richier
2244,daniel-richter
2245,gerhard-richter
2246,hans-richter
2247,george-rickey
2248,martin-rico
2249,hyacinthe-rigaud
2250,bridget-riley
2251,john-riley
2252,orazio-riminaldi
2253,jean-paul-riopelle
2254,edouard-riou
2255,jozsef-rippl-ronai
2256,arturo-rivera
2257,diego-rivera
2258,manuel-rivera
2259,larry-rivers
2260,briton-riviere
2261,hubert-robert
2262,david-roberts
2263,tom-roberts
2264,christina-robertson
2265,charles-robinson
2266,marietta-robusti
2267,dorothea-rockburne
2268,gerwald-rockenschaub
2269,rockwell-kent
2270,norman-rockwell
2271,henryk-rodakowski
2272,alexander-rodchenko
2273,lennart-rodhe
2274,auguste-rodin
2275,joaquim-rodrigo
2276,manuel-rodriguez-de-guzman
2277,nicholas-roerich
2278,christian-rohlfs
2279,warren-rohrer
2280,alexander-roitburd
2281,fyodor-rokotov
2282,giulio-romano
2283,julio-romero-de-torres
2284,george-romney
2285,felicien-rops
2286,salvator-rosa
2287,ottone-rosai
2288,ralph-rosenborg
2289,james-rosenquist
2290,constantin-daniel-rosenthal
2291,dante-gabriel-rossetti
2292,medardo-rosso
2293,theodore-roszak
2294,mimmo-rotella
2295,dieter-roth
2296,susan-rothenberg
2297,mark-rothko
2298,francois-rouan
2299,georges-rouault
2300,henri-rousseau
2301,theodore-rousseau
2302,pierre-roy
2303,olga-rozanova
2304,richards-ruben
2305,peter-paul-rubens
2306,andrei-rublev
2307,philipp-otto-runge
2308,carl-rungius
2309,allen-ruppersberg
2310,edward-ruscha
2311,santiago-rusinol
2312,john-ruskin
2313,charles-m-russell
2314,john-russell
2315,john-peter-russell
2316,morgan-russell
2317,luigi-russolo
2318,ferdynand-ruszczyc
2319,claude-rutault
2320,ivan-rutkovych
2321,rachel-ruysch
2322,vasiliy-ryabchenko
2323,andrei-ryabushkin
2324,anne-ryan
2325,mark-ryden
2326,robert-ryman
2327,theo-van-rysselberghe
2328,luis-sacilotto
2329,sadegh
2330,ali-akbar-sadeghi
2331,vasily-sadovnikov
2332,kay-sage
2333,mahmoud-saiid
2334,niki-de-sainte-phalle
2335,kiyoshi-saito
2336,ibrahim-salahi
2337,tahir-salahov
2338,raden-saleh
2339,david-salle
2340,sallinen-tyko
2341,samantha-troulis
2342,roberto-sambonet
2343,daniel-sambo-richter
2344,samira-eskandarfar
2345,mykola-samokysh
2346,cagnaccio-di-san-pietro
2347,fred-sandback
2348,frederick-sandys
2349,antonio-sanfilippo
2350,guilherme-de-santa-rita
2351,giuseppe-santomaso
2352,rubens-santoro
2353,sanyu
2354,gianni-sarcone
2355,john-singer-sargent
2356,martiros-sarian
2357,juliao-sarmento
2358,andrea-del-sarto
2359,george-saru
2360,wilhelm-sasnal
2361,vrabic
2362,satoshi-nakamoto
2363,sarunas-sauka3
2364,arsen-savadov
2365,jenny-saville
2366,aleksey-savrasov
2367,fikret-mualla-saygi
2368,emilio-scanavino
2369,scarlet-fletcher
2370,christian-schad
2371,louis-schanker
2372,miriam-schapiro
2373,kenny-scharf
2374,boris-schatz
2375,ary-scheffer
2376,paolo-scheggi
2377,august-friedrich-schenck
2378,mira-schendel
2379,tony-scherman
2380,egon-schiele
2381,mario-schifano
2382,jakub-schikaneder
2383,helene-schjerfbeck
2384,oskar-schlemmer
2385,karl-schmidt-rottluff
2386,julian-schnabel
2387,gerard-schneider
2388,leo-schnug
2389,heinrich-schonfeld
2390,martin-schongauer
2391,karl-schrag
2392,friedrich-schroder-sonnenstern
2393,bernard-schultze
2394,bruno-schulz
2395,emil-schumacher
2396,regine-schumann
2397,dana-schutz
2398,carlos-schwabe
2399,samuel-schwarz
2400,rudolf-schweitzer-cumpana
2401,kurt-schwitters
2402,david-scott
2403,tim-scott
2404,tom-scott
2405,william-scott
2406,sean-scully
2407,franz-sedlacek
2408,sedrak-arakelyan
2409,george-seeley
2410,seen
2411,arthur-segal
2412,george-segal
2413,lasar-segall
2414,giovanni-segantini
2415,hercules-seghers
2416,nobuo-sekine
2417,gerard-sekoto
2418,margit-selska
2419,roman-selsky
2420,paritosh-sen
2421,maurice-sendak
2422,sengai
2423,park-seo-bo
2424,sohrab-sepehri
2425,domingos-sequeira
2426,luigi-serafini
2427,zinaida-serebriakova
2428,sergey-ryabchenko
2429,shishko-sergey
2430,valentin-serov
2431,ivan-serpa
2432,jaroslav-serpan
2433,richard-serra
2434,paul-serusier
2435,victor-servranckx
2436,michel-seuphor
2437,georges-seurat
2438,stefan-sevastre
2439,gino-severini
2440,ben-shahn
2441,morton-shamberg
2442,nelson-shanks
2443,bada-shanren
2444,sharon-butler
2445,viktor-shatalin
2446,byam-shaw
2447,william-shayer
2448,silvestr-shchedrin
2449,charles-sheeler
2450,bahia-shehab
2451,amrita-sher-gil
2452,cindy-sherman
2453,sheryl-butler
2454,taras-shevchenko
2455,mikhail-shibanov
2456,aaron-shikler
2457,alexander-shilov
2458,moon-pil-shim
2459,shozo-shimamoto
2460,toko-shinoda
2461,ivan-shishkin
2462,shitao
2463,uemura-shoen
2464,shoosty
2465,natori-shunsen
2466,hishida-shunso
2467,jan-siberechts
2468,walter-sickert
2469,henryk-siemiradzki
2470,paul-signac
2471,luca-signorelli
2472,jean-claude-silbermann
2473,robert-silvers
2474,silvia-l-lueftenegger-rosarot
2475,josef-sima
2476,hugo-simberg
2477,turi-simeti
2478,edward-e-simmons
2479,michel-simonidy
2480,john-simpson
2481,william-simpson
2482,phil-sims
2483,gustave-singier
2484,david-alfaro-siqueiros
2485,sir-william-russell-flint
2486,francisc-sirato
2487,mario-sironi
2488,aaron-siskind
2489,alfred-sisley
2490,vasan-sitthiket
2491,wojciech-siudmak
2492,nikias-skapinakis
2493,max-slevogt
2494,john-french-sloan
2495,sloba-pajkovic
2496,jan-sluyters
2497,sm-sultan
2498,jeffrey-smart
2499,gustave-de-smet
2500,david-smith
2501,hassel-smith
2502,kiki-smith
2503,richard-smith
2504,thomas-smith
2505,tony-smith
2506,robert-smithson
2507,joan-snyder
2508,frans-snyders
2509,soen-kogaku
2510,jose-gutierrez-solana
2511,xul-solar
2512,andrea-solario
2513,atanasio-soldati
2514,lolo-soldevilla
2515,soledad-sevilla
2516,soleto
2517,francesco-solimena
2518,fyodor-solntsev
2519,sergey-solomko
2520,simeon-solomon
2521,soltan-soltanli
2522,frederick-sommer
2523,konstantin-somov
2524,19247608-107773943170656-2247012859696230720-n
2525,hong-song-dam
2526,sonia-domingues
2527,keith-sonnier
2528,joaqu-n-sorolla
2529,alberto-sotio
2530,souche
2531,pierre-soulages
2532,chaim-soutine
2533,arturo-souto
2534,louis-soutter
2535,amadeo-de-souza-cardoso
2536,michael-sowa
2537,ettore-spalletti
2538,austin-osman-spare
2539,nzante-spee
2540,robert-spencer
2541,john-roddam-spencer-stanhope
2542,stanley-spencer
2543,leon-spilliaert
2544,carl-spitzweg
2545,daniel-spoerri
2546,cornelis-springer
2547,constantin-stahi
2548,theodoros-stamos
2549,julian-stanczak
2550,stay-high-149
2551,henryk-stazewski
2552,t-c-steele
2553,jan-steen
2554,philip-wilson-steer
2555,stefan-pruteanu
2556,george-stefanescu
2557,saul-steinberg
2558,theophile-steinlen
2559,pat-steir
2560,frank-stella
2561,jacques-stella
2562,joseph-stella
2563,jean-alexandru-steriadi
2564,margareta-sterian
2565,linder
2566,irma-stern
2567,hedda-sterne
2568,matej-sternen
2569,virginia-frances-sterrett
2570,florine-stettheimer
2571,john-steuart-curry
2572,alfred-stevens
2573,julius-leblanc-stewart
2574,stickman
2575,alfred-stieglitz
2576,clyfford-still
2577,jessica-stockholder
2578,maria-stolarova
2579,matthias-stom
2580,marcus-stone
2581,myron-stout
2582,ipolit-strambu
2583,arthur-streeton
2584,marjorie-strider
2585,bernhard-strigel
2586,bernardo-strozzi
2587,robert-strubin
2588,wladyslaw-strzeminski
2589,gilbert-stuart
2590,george-stubbs
2591,franz-stuck
2592,helmut-sturm
2593,serge-sudeikin
2594,kishio-suga
2595,alberto-sughi
2596,hiroshi-sugimoto
2597,do-ho-suh
2598,se-ok-suh
2599,agim-sulaj
2600,thomas-sully
2601,donald-sultan
2602,sultan-muhammad
2603,haddon-sundbloom
2604,vasily-surikov
2605,abdullah-suriosubroto
2606,leopold-survage
2607,max-walter-svanberg
2608,johannes-sveinsson-kjarval
2609,pavel-svinyin
2610,robert-swain
2611,jagdish-swaminathan
2612,piroska-szanto
2613,bertalan-szekely
2614,tiberiy-szilvashi
2615,fernando-de-szyszlo
2616,philip-taaffe
2617,mir-ali-tabrizi
2618,tadanori-yokoo
2619,tadasky
2620,sophie-taeuber-arp
2621,lino-tagliapietra
2622,abanindranath-tagore
2623,the-tahreem-art
2624,hiroyuki-tajima
2625,shotei-takahashi
2626,takamatsu-jiro
2627,takato-yamamoto
2628,asano-takeji
2629,taki-183
2630,takis
2631,pierre-tal-coat
2632,algernon-talmage
2633,tamara
2634,rufino-tamayo
2635,nikola-tanev
2636,tang-yin
2637,yves-tanguy
2638,henry-ossawa-tanner
2639,dorothea-tanning
2640,mark-tansey
2641,tanya-stepanenko
2642,antoni-tapies
2643,leon-tarasewicz
2644,edmund-charles-tarbell
2645,agostino-tassi
2646,vladimir-tatlin
2647,gheorghe-tattarescu
2648,lenore-tawney
2649,edward-r-taylor
2650,chu-teh-chun
2651,gil-teixeira-lopes
2652,carlos-saenz-de-tejada
2653,herve-telemaque
2654,david-teniers-the-younger
2655,teodor-axentowicz
2656,teodor-harsia
2657,gerard-terborch
2658,hendrick-terbrugghen
2659,panos-terlemezian
2660,panayiotis-tetsis
2661,tetsuya-ishida
2662,frits-thaulow
2663,abbott-handerson-thayer
2664,paul-thek
2665,ion-theodorescu-sion
2666,wayne-thiebaud
2667,thomas-nonn
2668,elizabeth-thompson
2669,tom-thomson
2670,archibald-thorburn
2671,theodoor-van-thulden
2672,frederic-matys-thursz
2673,giovanni-battista-tiepolo
2674,giovanni-domenico-tiepolo
2675,louis-comfort-tiffany
2676,lajos-tihanyi
2677,wolfgang-tillmans
2678,joe-tilson
2679,walasse-ting
2680,jean-tinguely
2681,tino-riveiro
2682,tintoretto
2683,rirkrit-tiravanija
2684,benvenuto-tisi
2685,james-tissot
2686,titian
2687,johnny-warangkula-tjupurrula
2688,mark-tobey
2689,francisco-toledo
2690,luis-tomasello
2691,tomioka-tessai
2692,bradley-walker-tomlin
2693,nicolae-tonitza
2694,george-tooker
2695,jan-toorop
2696,torii-kotondo
2697,janos-tornyai
2698,niele-toroni
2699,joaquin-torres-garcia
2700,giovanni-battista-torriglia
2701,toshihiko-okuya
2702,toshusai-sharaku
2703,auguste-toulmouche
2704,henri-de-toulouse-lautrec
2705,tourino
2706,nicolas-tournier
2707,claude-tousignant
2708,ivan-tovar
2709,toyen
2710,sesshu-toyo
2711,toyohara-chikanobu
2712,claudio-tozzi
2713,mario-tozzi
2714,tracy-168
2715,tran-van-can
2716,bill-traylor
2717,horace-trenerry
2718,theophrastos-triantafyllidis
2719,rosemarie-trockel
2720,karpo-trokhymenko
2721,vasily-tropinin
2722,dolfi-trost
2723,troy-schooneman
2724,constant-troyon
2725,wilhelm-trubner
2726,anne-truitt
2727,john-trumbull
2728,wen-ying-tsai
2729,yiannis-tsaroychis
2730,albert-tucker
2731,william-tucker
2732,ion-tuculescu
2733,charles-tunnicliffe
2734,adnan-turani
2735,giulio-turcato
2736,william-turnbull
2737,charles-turner
2738,william-turner
2739,james-turrell
2740,glennray-tutor
2741,richard-tuttle
2742,leon-arthur-tutundjian
2743,luc-tuymans
2744,john-henry-twachtman
2745,lech-twardowski
2746,twins-seven-seven
2747,cy-twombly
2748,jack-tworkov
2749,raoul-ubac
2750,paolo-uccello
2751,kamal-ud-din-behzad
2752,omer-uluc
2753,gunter-umberg
2754,ryuzaburo-umehara
2755,leon-underwood
2756,franz-richard-unterberger
2757,joseph-urbania
2758,lesser-ury
2759,simon-ushakov
2760,utagawa-kunisada
2761,utagawa-kunisada-ii
2762,utagawa-kuniyoshi
2763,utagawa-sadatora
2764,utagawa-toyokuni
2765,utagawa-toyokuni-ii
2766,kitagawa-utamaro
2767,maurice-utrillo
2768,vapa
2769,vahram-gaifedjyan
2770,armand-vaillancourt
2771,suzanne-valadon
2772,juan-de-valdes-leal
2773,de-wain-valentine
2774,nina-tokhtaman-valetova
2775,anne-vallayer-coster
2776,leo-valledor
2777,felix-vallotton
2778,georges-valmier
2779,louis-valtat
2780,willem-van-aelst
2781,dirck-van-baburen
2782,richard-van-buren
2783,hugo-van-der-goes
2784,rogier-van-der-weyden
2785,kees-van-dongen
2786,anthony-van-dyck
2787,jan-van-eyck
2788,willem-van-genk
2789,vincent-van-gogh
2790,jan-van-goyen
2791,pieter-van-hanselaere
2792,maerten-van-heemskerck
2793,samuel-dirksz-van-hoogstraten
2794,louis-van-lint
2795,michiel-van-musscher
2796,cornelis-van-noorde
2797,adam-van-noort
2798,jacob-van-ruisdael
2799,otto-marseus-van-schrieck
2800,juriaen-van-streeck
2801,abraham-van-strij
2802,jacob-van-strij
2803,otto-van-veen
2804,bram-van-velde
2805,jcj-vanderheyden
2806,georges-vantongerloo
2807,gregorio-vardanega
2808,vardges-sureniants
2809,grazia-varisco
2810,john-varley-ii
2811,john-varley
2812,varlin
2813,remedios-varo
2814,vartan-mahokian
2815,victor-vasarely
2816,giorgio-vasari
2817,fyodor-vasilyev
2818,konstantin-vasilyev
2819,viktor-vasnetsov
2820,john-vassos
2821,vasyl-sedlyar
2822,marc-vaux
2823,palma-vecchio
2824,v-cih-s-m-dova
2825,jose-maria-velasco
2826,diego-velazquez
2827,adriaen-van-de-velde
2828,esaias-van-de-velde
2829,bartolomeo-veneto
2830,alexey-venetsianov
2831,domenico-veneziano
2832,paolo-veneziano
2833,adriaen-van-de-venne
2834,vera-nedkova
2835,vasily-vereshchagin
2836,tobias-verhaecht
2837,jef-verheyen
2838,johannes-vermeer
2839,nicolae-vermont
2840,claude-joseph-vernet
2841,horace-vernet
2842,arthur-verona
2843,paolo-veronese
2844,luigi-veronesi
2845,andrea-del-verrocchio
2846,marcelino-vespeira
2847,jan-veth
2848,jack-vettriano
2849,claude-viallat
2850,eduardo-viana
2851,jehan-georges-vibert
2852,esteban-vicente
2853,maria-helena-vieira-da-silva
2854,joao-vieira
2855,joseph-marie-vien
2856,oswaldo-vigas
2857,louise-elisabeth-vigee-le-brun
2858,vigen-vartanov
2859,nanda-vigo
2860,leo-villareal
2861,jacques-villegl
2862,marie-denise-villers
2863,henry-villierme
2864,jacques-villon
2865,vincent-amicosante
2866,eliseu-visconti
2867,vitaly-volkov
2868,louis-vivin
2869,ivan-vladimirov
2870,vlady-kibalchich-rusakov
2871,maurice-de-vlaminck
2872,konstantinos-volanakis
2873,vladimir-volegov
2874,efim-volkov
2875,ben-vollers
2876,ruth-vollmer
2877,alfredo-volpi
2878,elsa-von-freytag-loringhoven
2879,eugene-von-guerard
2880,alexej-von-jawlensky
2881,marianne-von-werefkin
2882,edith-vonnegut
2883,friedrich-vordemberge-gildewart
2884,maxim-vorobiev
2885,cornelis-de-vos
2886,jan-maarten-voskuil
2887,cornelis-vreedenburgh
2888,hendrick-cornelisz-vroom
2889,mikhail-vrubel
2890,edouard-vuillard
2891,periklis-vyzantios
2892,edward-wadsworth
2893,louis-wain
2894,ferdinand-georg-waldm-ller
2895,alfred-wallis
2896,franz-erhard-walther
2897,wang-wei
2898,gustaf-wappers
2899,james-ward
2900,lynd-ward
2901,andy-warhol
2902,warner-sallman
2903,john-william-waterhouse
2904,darren-waterston
2905,barrington-watson
2906,homer-watson
2907,antoine-watteau
2908,george-frederick-watts
2909,james-webb
2910,max-weber
2911,medi-wechsler-dinu
2912,james-weeks
2913,edwin-lord-weeks
2914,edvard-weie
2915,roger-weik
2916,lawrence-weiner
2917,julian-alden-weir
2918,matthias-weischer
2919,wojciech-weiss
2920,johan-hendrik-weissenbruch
2921,ai-weiwei
2922,neil-welliver
2923,james-lesesne-wells
2924,pieter-wenning
2925,paul-werner
2926,werner-berg
2927,tom-wesselmann
2928,benjamin-west
2929,edward-weston
2930,doug-wheeler
2931,steve-wheeler
2932,james-mcneill-whistler
2933,charles-wilbert-white
2934,clarence-white
2935,brett-whiteley
2936,rachel-whiteread
2937,richard-whitney
2938,stanley-whitney
2939,eva-janina-wieczorek
2940,alison-wilding
2941,ludwig-wilding
2942,wilfredo-argueta-hernandez
2943,ulfert-wilke
2944,david-wilkie
2945,christopher-willard
2946,patrick-willett
2947,fred-williams
2948,kit-williams
2949,robert-williams
2950,william-williams
2951,carel-willink
2952,christopher-wilmarth
2953,jane-wilson
2954,may-wilson
2955,richard-wilson
2956,jacqueline-winsor
2957,fritz-winter
2958,franz-xaver-winterhalter
2959,stanislaw-ignacy-witkiewicz
2960,dan-witz
2961,konrad-witz
2962,adolf-wolfli
2963,wols
2964,paul-wonner
2965,christopher-wood
2966,grant-wood
2967,francesca-woodman
2968,bill-woodrow
2969,alma-woodsey-thomas
2970,grigoras
2971,zao-wou-ki
2972,rik-wouters
2973,joseph-wright
2974,andrzej-wroblewski
2975,joachim-wtewael
2976,wu-daozi
2977,paul-wunderlich
2978,leon-wyczolkowski
2979,andrew-wyeth
2980,jamie-wyeth
2981,n-c-wyeth
2982,stanislaw-wyspianski
2983,zhang-xiaogang
2984,xu-wei
2985,bui-xuan-phai
2986,qian-xuan
2987,tetyana-yablonska
2988,hiro-yamagata
2989,yamamoto-gempo
2990,kanae-yamamoto
2991,kansuke-yamamoto
2992,taro-yamamoto
2993,yamamura-toyonari
2994,tsuruko-yamazaki
2995,ding-yanyong
2996,mykola-yaroshenko
2997,fred-yates
2998,yeghishe-tadevosyan
2999,manoucher-yektai
3000,jacek-yerka
3001,vasyl-yermylov
3002,ding-yi
3003,ibrahim-y-ld-z
3004,lan-ying
3005,yoko-ono
3006,huang-yongyu
3007,hiroshi-yoshida
3008,toshi-yoshida
3009,jiro-yoshihara
3010,funasaka-yoshisuke
3011,tsukioka-yoshitoshi
3012,yu-youhan
3013,jack-youngerman
3014,youssef-idrissi
3015,li-yuan-chia
3016,yui-yaegashi
3017,yun-hyong-keun
3018,adja-yunkers
3019,konstantin-yuon
3020,rafael-zabaleta
3021,ossip-zadkine
3022,ivan-valentyn-zadorozhny
3023,emmanuel-zairis
3024,eugeniusz-ak
3025,robert-zakanitch
3026,zakar-zakarian
3027,wlodzimierz-zakrzewski
3028,eric-zammitt
3029,norman-zammitt
3030,federico-zandomeneghi
3031,vela-zanetti
3032,herbert-zangs
3033,corrado-zani
3034,mario-zanini
3035,marcos-zapata
3036,hovhannes-zardaryan
3037,victor-zaretsky
3038,zaya
3039,princess-fahrelnissa-zeid
3040,hossein-zenderoudi
3041,tszen-fanchzhi
3042,zenkei-shibayama
3043,shibata-zeshin
3044,shen-zhou
3045,guan-zilan
3046,yuriy-zlotnikov
3047,heimo-zobernig
3048,anders-zorn
3049,larry-zox
3050,alexey-zubov
3051,zupo-zupo
3052,francisco-de-zurbaran
3053,karlo-zvirynsky
3054,lopukhina-vitalina-vitalevna
